{
  "A0": [
    [
      0.0,
      0.0,
      0.4478588400000001,
      0.0,
      0.0,
      0.0
    ],
    [
      0.0,
      0.0,
      0.229583,
      0.0,
      0.0,
      0.0
    ],
    [
      0.0,
      0.0,
      0.35059300000000004,
      0.0438282,
      0.0,
      0.0
    ],
    [
      0.0,
      0.0,
      0.0,
      0.21305300000000005,
      0.0,
      0.0
    ],
    [
      0.0,
      0.0,
      0.0,
      0.3080530000000001,
      0.109956,
      0.0
    ],
    [
      0.0,
      0.0,
      0.0,
      0.0,
      0.255221,
      0.0
    ],
    [
      0.0,
      0.0,
      0.0,
      0.0816814,
      0.3280970000000001,
      0.0
    ],
    [
      0.0,
      0.0,
      0.0,
      0.0,
      0.2481,
      0.0
    ]
  ],
  "A1": [
    [
      0.0,
      0.0,
      0.037000000000000005,
      0.0,
      0.0,
      0.0
    ],
    [
      0.0,
      0.0,
      -0.06271950000000001,
      0.0,
      0.0,
      0.0
    ],
    [
      0.0,
      0.0,
      -0.06271950000000001,
      -0.0185512,
      0.0,
      0.0
    ],
    [
      0.0,
      0.0,
      0.0,
      0.042,
      0.0,
      0.0
    ],
    [
      0.0,
      0.0,
      0.0,
      0.042,
      0.035,
      0.0
    ],
    [
      0.0,
      0.0,
      0.0,
      0.0,
      -0.062000000000000006,
      0.0
    ],
    [
      0.0,
      0.0,
      0.0,
      -0.026000000000000002,
      -0.077,
      0.0
    ],
    [
      0.0,
      0.0,
      0.0,
      0.0,
      0.05,
      0.0
    ]
  ],
  "A2": [
    [
      0.0,
      0.0,
      0.0,
      0.0,
      0.0,
      0.0
    ],
    [
      0.0,
      0.0,
      -0.0081202,
      0.0,
      0.0,
      0.0
    ],
    [
      0.0,
      0.0,
      -0.0081202,
      0.0014643,
      0.0,
      0.0
    ],
    [
      0.0,
      0.0,
      0.0,
      0.0,
      0.0,
      0.0
    ],
    [
      0.0,
      0.0,
      0.0,
      0.0,
      0.0,
      0.0
    ],
    [
      0.0,
      0.0,
      0.0,
      0.0,
      0.0,
      0.0
    ],
    [
      0.0,
      0.0,
      0.0,
      0.0,
      0.0,
      0.0
    ],
    [
      0.0,
      0.0,
      0.0,
      0.0,
      0.0,
      0.0
    ]
  ],
  "ce_F_asympt": [
    1.5,
    1.5,
    1.5,
    1.5,
    1.5,
    1.5,
    1.5,
    1.5
  ],
  "ce_F_max": [
    1200.0,
    3000.0,
    1500.0,
    5250.0,
    1750.0000000000002,
    2750.0,
    2200.0,
    4000.0
  ],
  "ce_a_rel": [
    0.41,
    0.41,
    0.41,
    0.41,
    0.41,
    0.41,
    0.41,
    0.41
  ],
  "ce_b_rel": [
    5.2,
    5.2,
    5.2,
    5.2,
    5.2,
    5.2,
    5.2,
    5.2
  ],
  "ce_len_opt": [
    0.087,
    0.055,
    0.055,
    0.09300000000000001,
    0.081,
    0.2,
    0.10400000000000001,
    0.10200000000000001
  ],
  "ce_slope_linear": [
    200,
    200,
    200,
    200,
    200,
    200,
    200,
    200
  ],
  "ce_slope_rel": [
    2,
    2,
    2,
    2,
    2,
    2,
    2,
    2
  ],
  "ce_width": [
    0.5599999999999999,
    0.5599999999999999,
    0.5599999999999999,
    0.5599999999999999,
    0.5599999999999999,
    0.5599999999999999,
    0.5599999999999999,
    0.5599999999999999
  ],
  "hafo_q0": [
    0.005,
    0.005,
    0.005,
    0.005,
    0.005,
    0.005,
    0.005,
    0.005
  ],
  "hafo_m": [
    11.25,
    11.25,
    11.25,
    11.25,
    11.25,
    11.25,
    11.25,
    11.25
  ],
  "muscle_names": [
    "1 tibialis anterior",
    "2 soleus           ",
    "3 gastrocnemius    ",
    "4 vasti            ",
    "5 rectus femoris   ",
    "6 glutaeus maximus ",
    "7 biceps femoris   ",
    "8 iliopsoas        "
  ],
  "nmus": 8,
  "nseg": 5,
  "se_len_slack": [
    0.317,
    0.246,
    0.382,
    0.16000000000000003,
    0.34,
    0.15000000000000002,
    0.37000000000000005,
    0.11500000000000002
  ],
  "se_stretch_max_rel": [
    0.04,
    0.04,
    0.04,
    0.04,
    0.04,
    0.04,
    0.04,
    0.04
  ],
  "mass": [
    0.2,
    1.233785,
    3.536844999999999,
    8.472000000000001,
    55.0
  ],
  "d": [
    0.085,
    0.12,
    0.259711,
    0.275028,
    0.30000000000000004
  ],
  "len": [
    0.17000000000000004,
    0.16500000000000004,
    0.45804400000000006,
    0.48505799999999993,
    0.5
  ],
  "rpm": 119.99999999999999
}